0.9102720259845716,0.9171741778319124,0.9235031405985049,0.924362924219627,0.9171264120751833,0.901698072651716,0.901698072651716,0.9016264240166224,0.8959422989658713,0.9110601609706002,0.9104873387482083,0.9141222738648552,0.914858780188293,0.9229105589465082,0.9163009404388714,0.9114417029511368,0.9095236938621847,0.0009,1.0
0.9110601609706002,0.9102720259845716,0.9171741778319124,0.9235031405985049,0.924362924219627,0.9171264120751833,0.901698072651716,0.901698072651716,0.9016264240166224,0.9181294929664924,0.9115384615384615,0.9189846263854129,0.9183983048806915,0.9230787715672609,0.9182300458162527,0.9126028059990323,0.9100823395108208,0.0078000000000000005,0.0
0.9181294929664924,0.9110601609706002,0.9102720259845716,0.9171741778319124,0.9235031405985049,0.924362924219627,0.9171264120751833,0.901698072651716,0.901698072651716,0.9109885123355067,0.9186096512183469,0.9230127517578358,0.9169295225253424,0.9208439467486902,0.9199421268386785,0.9131833575229801,0.9105924072769669,-0.0078000000000000005,0.0
0.9109885123355067,0.9181294929664924,0.9110601609706002,0.9102720259845716,0.9171741778319124,0.9235031405985049,0.924362924219627,0.9171264120751833,0.901698072651716,0.9055193331900361,0.9116340181557573,0.912334644261709,0.9109340011076063,0.9178161195751429,0.9207378828068482,0.9140058055152395,0.911151052925603,-0.006,0.0
0.9055193331900361,0.9109885123355067,0.9181294929664924,0.9110601609706002,0.9102720259845716,0.9171741778319124,0.9235031405985049,0.924362924219627,0.9171264120751833,0.904946144109288,0.905685618729097,0.9057561673221308,0.9064794972430232,0.9157735377517181,0.9210272486134555,0.9143444605708756,0.9115396759855238,-0.0006,0.0
0.904946144109288,0.9055193331900361,0.9109885123355067,0.9181294929664924,0.9110601609706002,0.9102720259845716,0.9171741778319124,0.9235031405985049,0.924362924219627,0.9018891356786319,0.9059006211180124,0.9055893218925039,0.9001950350340708,0.9143797760369106,0.9210513624306726,0.9149008224479922,0.9118797211629546,-0.0034000000000000002,1.0
0.9018891356786319,0.904946144109288,0.9055193331900361,0.9109885123355067,0.9181294929664924,0.9110601609706002,0.9102720259845716,0.9171741778319124,0.9235031405985049,0.9058775763655036,0.9020783564261825,0.9148373257061138,0.9062868700488791,0.913490652184361,0.9213889558717144,0.9158200290275761,0.9123412110466106,0.0044,1.0
0.9058775763655036,0.9018891356786319,0.904946144109288,0.9055193331900361,0.9109885123355067,0.9181294929664924,0.9110601609706002,0.9102720259845716,0.9171741778319124,0.9331279405793985,0.90606784519828,0.9335955190084615,0.913245527437336,0.9160138414956505,0.9227393296358813,0.9175616835994194,0.9133127686964126,0.0301,0.0
0.9331279405793985,0.9058775763655036,0.9018891356786319,0.904946144109288,0.9055193331900361,0.9109885123355067,0.9181294929664924,0.9110601609706002,0.9102720259845716,0.9205416636813069,0.9327998088867654,0.9384817065903944,0.9255255110640244,0.917623876579997,0.9224258500120568,0.9188679245283018,0.913919992227539,-0.013500000000000002,1.0
0.9205416636813069,0.9331279405793985,0.9058775763655036,0.9018891356786319,0.904946144109288,0.9055193331900361,0.9109885123355067,0.9181294929664924,0.9110601609706002,0.9260108428267775,0.920425226946966,0.9246573709927303,0.9229972791408827,0.9210602201182293,0.9226428743670122,0.9203918722786646,0.9145515046999102,0.0059,1.0
0.9260108428267775,0.9205416636813069,0.9331279405793985,0.9058775763655036,0.9018891356786319,0.904946144109288,0.9055193331900361,0.9109885123355067,0.9181294929664924,0.9537627474863271,0.9254419493549928,0.9538553211774521,0.9324360116539452,0.9292305474119286,0.925705329153605,0.9226415094339622,0.9157659517621628,0.03,0.0
0.9537627474863271,0.9260108428267775,0.9205416636813069,0.9331279405793985,0.9058775763655036,0.9018891356786319,0.904946144109288,0.9055193331900361,0.9109885123355067,0.9316710849991641,0.95382226469183,0.9571922297699917,0.9386241602658255,0.9342288652857211,0.9275138654448999,0.9241654571843251,0.9165189089407594,-0.0232,1.0
0.9316710849991641,0.9537627474863271,0.9260108428267775,0.9205416636813069,0.9331279405793985,0.9058775763655036,0.9018891356786319,0.904946144109288,0.9055193331900361,0.9373313271715508,0.9320592451027234,0.9378381599332618,0.9313284052876164,0.9395155476522323,0.9297323366288883,0.9259071117561684,0.9170775545893955,0.0060999999999999995,0.0
0.9373313271715508,0.9316710849991641,0.9537627474863271,0.9260108428267775,0.9205416636813069,0.9331279405793985,0.9058775763655036,0.9018891356786319,0.904946144109288,0.9199207088438298,0.9292164357381749,0.9279466094625194,0.9268257446244974,0.937304753208055,0.9298770195321918,0.926947266569908,0.9174904665905614,-0.018600000000000002,1.0
0.9199207088438298,0.9373313271715508,0.9316710849991641,0.9537627474863271,0.9260108428267775,0.9205416636813069,0.9331279405793985,0.9058775763655036,0.9018891356786319,0.9203744835327553,0.9202818920210225,0.924800381360982,0.9266090390310852,0.9372566924592685,0.9306727755003616,0.9282051282051281,0.9179033785917273,0.0005,1.0
0.9203744835327553,0.9199207088438298,0.9373313271715508,0.9316710849991641,0.9537627474863271,0.9260108428267775,0.9205416636813069,0.9331279405793985,0.9058775763655036,0.924267392706169,0.9206402293358815,0.9253724228339888,0.9228528087452745,0.9369683279665496,0.932240173619484,0.929414610546686,0.9184134463578734,0.0042,0.0
0.924267392706169,0.9203744835327553,0.9199207088438298,0.9373313271715508,0.9316710849991641,0.9537627474863271,0.9260108428267775,0.9205416636813069,0.9331279405793985,0.9216402760860739,0.9247013855709508,0.9266118460255035,0.9263441766391369,0.9315855241024654,0.9336387750180852,0.9302612481857764,0.9188992251827743,-0.0028000000000000004,1.0
0.9216402760860739,0.924267392706169,0.9203744835327553,0.9199207088438298,0.9373313271715508,0.9316710849991641,0.9537627474863271,0.9260108428267775,0.9205416636813069,0.9251032934489264,0.9218585762064023,0.9239899892742224,0.92497170788086,0.9304801268803767,0.9355919942126838,0.9312288340590227,0.919676471302616,0.0038,0.0
0.9251032934489264,0.9216402760860739,0.924267392706169,0.9203744835327553,0.9199207088438298,0.9373313271715508,0.9316710849991641,0.9537627474863271,0.9260108428267775,0.9193714026414463,0.924988055422838,0.9241568347038494,0.92497170788086,0.9274763300812225,0.9367253436218953,0.9319787131107885,0.9205022953049478,-0.0062,1.0
0.9193714026414463,0.9251032934489264,0.9216402760860739,0.924267392706169,0.9203744835327553,0.9199207088438298,0.9373313271715508,0.9316710849991641,0.9537627474863271,0.9197296458169139,0.919732441471572,0.9212012870933143,0.9261033926464568,0.9274522997068294,0.935616108029901,0.9320996613449443,0.9215467197784849,0.0004,0.0
0.9197296458169139,0.9193714026414463,0.9251032934489264,0.9216402760860739,0.924267392706169,0.9203744835327553,0.9199207088438298,0.9373313271715508,0.9316710849991641,0.9135439803205082,0.9199952221691353,0.918650935526159,0.9184464616792275,0.9262988417359541,0.9350132625994694,0.9316400580551523,0.9223968327220617,-0.0067,1.0
0.9135439803205082,0.9197296458169139,0.9193714026414463,0.9251032934489264,0.9216402760860739,0.924267392706169,0.9203744835327553,0.9199207088438298,0.9373313271715508,0.921449213059158,0.9140946010511228,0.9208914312954356,0.9213358695913895,0.9258182342480895,0.9346274415239932,0.9315432994678277,0.9233441014306186,0.0087,1.0
0.921449213059158,0.9135439803205082,0.9197296458169139,0.9193714026414463,0.9251032934489264,0.9216402760860739,0.924267392706169,0.9203744835327553,0.9199207088438298,0.9271094552315444,0.9217391304347826,0.9314741985460613,0.9288242517637427,0.9267313884750323,0.9323848565227875,0.9319787131107885,0.924437103786646,0.0060999999999999995,0.0
0.9271094552315444,0.921449213059158,0.9135439803205082,0.9197296458169139,0.9193714026414463,0.9251032934489264,0.9216402760860739,0.924267392706169,0.9203744835327553,0.9248166989085524,0.9271619684663163,0.9273745679895126,0.9291372709542269,0.9266833277262458,0.931806124909573,0.9325834542815674,0.9253115056714678,-0.0025,1.0
0.9248166989085524,0.9271094552315444,0.921449213059158,0.9135439803205082,0.9197296458169139,0.9193714026414463,0.9251032934489264,0.9216402760860739,0.924267392706169,0.9323875713500991,0.9252269469660774,0.9315933738529377,0.9315210324817605,0.9288700917960301,0.9313961900168796,0.9334784712143201,0.9262587743800248,0.008199999999999999,1.0
0.9323875713500991,0.9248166989085524,0.9271094552315444,0.921449213059158,0.9135439803205082,0.9197296458169139,0.9193714026414463,0.9251032934489264,0.9216402760860739,0.9405555157507584,0.9329192546583851,0.9409367179120487,0.9356625171558594,0.9323785264574421,0.9331323848565227,0.9344218674407352,0.927303198853562,0.0088,0.0
0.9405555157507584,0.9323875713500991,0.9248166989085524,0.9271094552315444,0.921449213059158,0.9135439803205082,0.9197296458169139,0.9193714026414463,0.9251032934489264,0.9379761648873922,0.9414476827520306,0.9420092956739363,0.9401892562182466,0.9364636901042916,0.9346033277067759,0.9355587808417997,0.9281776007383838,-0.0027,1.0
0.9379761648873922,0.9405555157507584,0.9323875713500991,0.9248166989085524,0.9271094552315444,0.921449213059158,0.9135439803205082,0.9197296458169139,0.9193714026414463,0.9380000477657567,0.9382465360726231,0.9361220355142414,0.9456791312513544,0.9392512135339067,0.9357607909332046,0.9369375907111755,0.9292706030944111,0.0,1.0
0.9380000477657567,0.9379761648873922,0.9405555157507584,0.9323875713500991,0.9248166989085524,0.9271094552315444,0.921449213059158,0.9135439803205082,0.9197296458169139,0.9401495068185618,0.9380793119923555,0.9389584078179002,0.9421155281596879,0.941437977603691,0.937328189052327,0.9384373488147073,0.930193582861723,0.0023,0.0
0.9401495068185618,0.9380000477657567,0.9379761648873922,0.9405555157507584,0.9323875713500991,0.9248166989085524,0.9271094552315444,0.921449213059158,0.9135439803205082,0.9364715435504287,0.940516005733397,0.945012513407222,0.94221184175676,0.9433844379295429,0.9382927417410175,0.9398887276245766,0.9311894294527703,-0.0039000000000000003,1.0
0.9364715435504287,0.9401495068185618,0.9380000477657567,0.9379761648873922,0.9405555157507584,0.9323875713500991,0.9248166989085524,0.9271094552315444,0.921449213059158,0.9535716844594111,0.9365504061156235,0.9520200214515553,0.9435120753172328,0.9469409333397413,0.9411622859898722,0.9418964683115626,0.9326710548687184,0.0183,0.0
0.9535716844594111,0.9364715435504287,0.9401495068185618,0.9380000477657567,0.9379761648873922,0.9405555157507584,0.9323875713500991,0.9248166989085524,0.9271094552315444,0.9443767762890783,0.9536072623029145,0.9550947443689668,0.9503021839108136,0.9475657230739654,0.943236074270557,0.9423802612481856,0.9337883461659907,-0.0096,0.0
0.9443767762890783,0.9535716844594111,0.9364715435504287,0.9401495068185618,0.9380000477657567,0.9379761648873922,0.9405555157507584,0.9323875713500991,0.9248166989085524,0.9384299395763177,0.9437410415671285,0.9476343701585032,0.943728780910645,0.9476618445715383,0.9453339763684591,0.9431301402999515,0.934832770639528,-0.0063,1.0
0.9384299395763177,0.9443767762890783,0.9535716844594111,0.9364715435504287,0.9401495068185618,0.9380000477657567,0.9379761648873922,0.9405555157507584,0.9323875713500991,0.9423228487497314,0.9389393215480173,0.9406745322369205,0.9442103488960054,0.9483827558033353,0.9470942850253194,0.9438074504112239,0.9359257729955551,0.0040999999999999995,0.0
0.9423228487497314,0.9384299395763177,0.9443767762890783,0.9535716844594111,0.9364715435504287,0.9401495068185618,0.9380000477657567,0.9379761648873922,0.9405555157507584,0.9365670750638867,0.9424988055422838,0.9432248838040758,0.9421155281596879,0.9477819964435046,0.9478900409934892,0.9430817610062892,0.9367030191153968,-0.0060999999999999995,0.0
0.9365670750638867,0.9423228487497314,0.9384299395763177,0.9443767762890783,0.9535716844594111,0.9364715435504287,0.9401495068185618,0.9380000477657567,0.9379761648873922,0.9362565976451481,0.9364787386526517,0.9348111071386009,0.9434398401194288,0.9477339356947181,0.9488545936821798,0.9432752781809385,0.9375531320589736,-0.0003,1.0
0.9362565976451481,0.9365670750638867,0.9423228487497314,0.9384299395763177,0.9443767762890783,0.9535716844594111,0.9364715435504287,0.9401495068185618,0.9380000477657567,0.9472188388144539,0.9364070711896799,0.9467763079489929,0.9434157617201607,0.9466765992214157,0.9500843983602604,0.9437106918238993,0.9386461344150009,0.011699999999999999,0.0
0.9472188388144539,0.9362565976451481,0.9365670750638867,0.9423228487497314,0.9384299395763177,0.9443767762890783,0.9535716844594111,0.9364715435504287,0.9401495068185618,0.9405555157507584,0.9476588628762541,0.9458705756167322,0.9463774048301269,0.9460277791127985,0.9500843983602604,0.9445815191098209,0.9395934031235579,-0.006999999999999999,1.0
0.9405555157507584,0.9472188388144539,0.9362565976451481,0.9365670750638867,0.9423228487497314,0.9384299395763177,0.9443767762890783,0.9535716844594111,0.9364715435504287,0.9480308566788469,0.9408982322025801,0.947539029913002,0.9483518335701042,0.947637814197145,0.9509283819628647,0.9457426221577164,0.9408321391270555,0.0079,1.0
0.9480308566788469,0.9405555157507584,0.9472188388144539,0.9362565976451481,0.9365670750638867,0.9423228487497314,0.9384299395763177,0.9443767762890783,0.9535716844594111,0.9483890998543144,0.9486383182035356,0.9535454653795734,0.9544677469841805,0.9486711202960542,0.9518205931999035,0.9467585873246249,0.9419251414830828,0.0004,0.0
0.9483890998543144,0.9480308566788469,0.9405555157507584,0.9472188388144539,0.9362565976451481,0.9365670750638867,0.9423228487497314,0.9384299395763177,0.9443767762890783,0.9382388765494017,0.9485905398948877,0.9481825765701346,0.945101249668922,0.9489354544143797,0.9516517964793826,0.9474600870827284,0.9427023876029245,-0.010700000000000001,1.0
0.9382388765494017,0.9483890998543144,0.9480308566788469,0.9405555157507584,0.9472188388144539,0.9362565976451481,0.9365670750638867,0.9423228487497314,0.9384299395763177,0.9425616775333764,0.9384376493072145,0.9490644738410201,0.9458717584454985,0.949992790887682,0.9521581866409452,0.9481857764876632,0.9435767894877463,0.0046,1.0
0.9425616775333764,0.9382388765494017,0.9483890998543144,0.9480308566788469,0.9405555157507584,0.9472188388144539,0.9362565976451481,0.9365670750638867,0.9423228487497314,0.9450932626400134,0.9429049211657907,0.9471099988082469,0.9477980303869399,0.9496323352717835,0.9514588859416445,0.9492743105950653,0.9444997692550582,0.0027,1.0
0.9450932626400134,0.9425616775333764,0.9382388765494017,0.9483890998543144,0.9480308566788469,0.9405555157507584,0.9472188388144539,0.9362565976451481,0.9365670750638867,0.953858278999785,0.9500955566172958,0.9547610535097127,0.956707038116106,0.9518671600903541,0.9522546419098142,0.9507256894049346,0.9452770153748998,0.009300000000000001,0.0
0.953858278999785,0.9450932626400134,0.9425616775333764,0.9382388765494017,0.9483890998543144,0.9480308566788469,0.9405555157507584,0.9472188388144539,0.9362565976451481,0.949368297867259,0.953798375537506,0.9522583720653081,0.9549733933688088,0.9521074638342865,0.9531709669640703,0.9522254475084663,0.945811372082291,-0.004699999999999999,1.0
0.949368297867259,0.953858278999785,0.9450932626400134,0.9425616775333764,0.9382388765494017,0.9483890998543144,0.9480308566788469,0.9405555157507584,0.9472188388144539,0.9557211435122159,0.9499522216913522,0.9585984983911333,0.956755194914642,0.9533330129283414,0.9543043163732818,0.9536768263183356,0.9464914624371524,0.0067,1.0
0.9557211435122159,0.949368297867259,0.953858278999785,0.9450932626400134,0.9425616775333764,0.9382388765494017,0.9483890998543144,0.9480308566788469,0.9405555157507584,0.9665162045329703,0.9559006211180126,0.966321058276725,0.9615227179697093,0.9580669966838082,0.9568121533638775,0.9553459119496854,0.9475358869106896,0.0113,1.0
0.9665162045329703,0.9557211435122159,0.949368297867259,0.953858278999785,0.9450932626400134,0.9425616775333764,0.9382388765494017,0.9483890998543144,0.9480308566788469,0.9791741300661555,0.967032967032967,0.9803122393040161,0.9745009751751703,0.964218772528476,0.9604292259464673,0.9576439283986453,0.9489932233853926,0.0131,0.0
0.9791741300661555,0.9665162045329703,0.9557211435122159,0.949368297867259,0.953858278999785,0.9450932626400134,0.9425616775333764,0.9382388765494017,0.9483890998543144,0.9784337608368561,0.9797897754419493,0.9824097247050411,0.9817726517541113,0.969793819387706,0.9630576320231492,0.9595791001451378,0.9504262709188507,-0.0008,0.0
0.9784337608368561,0.9791741300661555,0.9665162045329703,0.9557211435122159,0.949368297867259,0.953858278999785,0.9450932626400134,0.9425616775333764,0.9382388765494017,0.9646294571421747,0.9786430960344003,0.9804790847336432,0.9710577640798439,0.9715960974671983,0.9650831926693996,0.9605950653120463,0.9513978285686527,-0.0141,1.0
0.9646294571421747,0.9784337608368561,0.9791741300661555,0.9665162045329703,0.9557211435122159,0.949368297867259,0.953858278999785,0.9450932626400134,0.9425616775333764,0.9649399345609133,0.9647396082178692,0.9660350375402217,0.9646288314752834,0.9742154082760609,0.9665059078852182,0.9617319787131107,0.9525394088071701,0.0003,0.0
0.9649399345609133,0.9646294571421747,0.9784337608368561,0.9791741300661555,0.9665162045329703,0.9557211435122159,0.949368297867259,0.953858278999785,0.9450932626400134,0.9648921688041843,0.9652412804586717,0.9704921940173996,0.9692759625340107,0.9757533522372278,0.9678803954666023,0.962868892114175,0.9538024337519128,0.0,0.0
0.9648921688041843,0.9649399345609133,0.9646294571421747,0.9784337608368561,0.9791741300661555,0.9665162045329703,0.9557211435122159,0.949368297867259,0.953858278999785,0.9606887822120321,0.9657429526994745,0.9649624597783338,0.9653511834533239,0.9747681068871052,0.9697853870267663,0.9637397194000967,0.9549925918729203,-0.0044,1.0
0.9606887822120321,0.9648921688041843,0.9649399345609133,0.9646294571421747,0.9784337608368561,0.9791741300661555,0.9665162045329703,0.9557211435122159,0.949368297867259,0.9654175921282033,0.9587673196368849,0.9639137170778216,0.9641472634899231,0.9724611909453549,0.9716903785869303,0.9649492017416545,0.9563284836413981,0.0049,0.0
0.9654175921282033,0.9606887822120321,0.9648921688041843,0.9649399345609133,0.9646294571421747,0.9784337608368561,0.9791741300661555,0.9665162045329703,0.9557211435122159,0.9612142055360512,0.965886287625418,0.9662495530925991,0.9655678890467362,0.9695775460181668,0.9730648661683144,0.9652878567972907,0.9574943528211606,-0.0044,0.0
0.9612142055360512,0.9654175921282033,0.9606887822120321,0.9648921688041843,0.9649399345609133,0.9646294571421747,0.9784337608368561,0.9791741300661555,0.9665162045329703,0.949272766353801,0.9614667940754897,0.9631271600524371,0.9553827261563651,0.9670062959580908,0.9726790450928381,0.9654813739719399,0.9578343979985913,-0.0124,1.0
0.949272766353801,0.9612142055360512,0.9654175921282033,0.9606887822120321,0.9648921688041843,0.9649399345609133,0.9646294571421747,0.9784337608368561,0.9791741300661555,0.9509684507176804,0.9494266602962255,0.9517578357764271,0.9521080638559148,0.9646753496419473,0.9727996141789246,0.9660135462022253,0.9584901994122077,0.0018,0.0
0.9509684507176804,0.949272766353801,0.9612142055360512,0.9654175921282033,0.9606887822120321,0.9648921688041843,0.9649399345609133,0.9646294571421747,0.9784337608368561,0.9368775524826252,0.9508361204013378,0.9531164342748183,0.9412246273867713,0.9599653962608736,0.9712322160598023,0.965795839380745,0.9587087998834131,-0.0148,0.0
0.9368775524826252,0.9509684507176804,0.949272766353801,0.9612142055360512,0.9654175921282033,0.9606887822120321,0.9648921688041843,0.9649399345609133,0.9646294571421747,0.9280647703661244,0.9372431915910177,0.9378858300560123,0.9347956947822108,0.9544864708992165,0.9679768507354714,0.9654329946782776,0.9581744431760221,-0.009399999999999999,0.0
0.9280647703661244,0.9368775524826252,0.9509684507176804,0.949272766353801,0.9612142055360512,0.9654175921282033,0.9606887822120321,0.9648921688041843,0.9649399345609133,0.9206371951947648,0.9282608695652174,0.927160052437135,0.9266571958296212,0.9469889940885278,0.9630576320231492,0.9647556845670053,0.9579315537635715,-0.008,1.0
0.9206371951947648,0.9280647703661244,0.9368775524826252,0.9509684507176804,0.949272766353801,0.9612142055360512,0.9654175921282033,0.9606887822120321,0.9648921688041843,0.9269183922046285,0.9213807931199236,0.9304254558455488,0.9235751607233151,0.9412457346085451,0.9587171449240415,0.9639090469279148,0.957712953292366,0.0068000000000000005,0.0
0.9269183922046285,0.9206371951947648,0.9280647703661244,0.9368775524826252,0.9509684507176804,0.949272766353801,0.9612142055360512,0.9654175921282033,0.9606887822120321,0.92660791478589,0.9272097467749641,0.926659516148254,0.9285353109725265,0.937424905080021,0.9555341210513624,0.963328495403967,0.9578586869398363,-0.0003,0.0
0.92660791478589,0.9269183922046285,0.9206371951947648,0.9280647703661244,0.9368775524826252,0.9509684507176804,0.949272766353801,0.9612142055360512,0.9654175921282033,0.9263929688806094,0.9270425226946966,0.9263258252890001,0.9271387638149815,0.9333157110587782,0.9522787557270316,0.9624092888243831,0.9579801316460617,-0.0002,1.0
0.9263929688806094,0.92660791478589,0.9269183922046285,0.9206371951947648,0.9280647703661244,0.9368775524826252,0.9509684507176804,0.949272766353801,0.9612142055360512,0.9287334909603305,0.9260152890587674,0.9296388988201645,0.9312080132912763,0.9319459797183639,0.9492404147576561,0.9615868408321238,0.9580772874110418,0.0025,0.0
0.9287334909603305,0.9263929688806094,0.92660791478589,0.9269183922046285,0.9206371951947648,0.9280647703661244,0.9368775524826252,0.9509684507176804,0.949272766353801,0.9211865013971484,0.9285714285714286,0.9264688356572518,0.9250920998772001,0.9307925217474887,0.9459127079816734,0.9608611514271891,0.9580772874110418,-0.008100000000000001,1.0
0.9211865013971484,0.9287334909603305,0.9263929688806094,0.92660791478589,0.9269183922046285,0.9206371951947648,0.9280647703661244,0.9368775524826252,0.9509684507176804,0.9235986721119629,0.9214763497372193,0.9229650816350852,0.922034143170162,0.9312971596097467,0.9423920906679527,0.960062893081761,0.9580529984697967,0.0026,0.0
0.9235986721119629,0.9211865013971484,0.9287334909603305,0.9263929688806094,0.92660791478589,0.9269183922046285,0.9206371951947648,0.9280647703661244,0.9368775524826252,0.9191803396145304,0.9237935977066412,0.9218209986890716,0.9232139847342948,0.929999519392512,0.9388714733542319,0.9589743589743589,0.9580287095285518,-0.0048,1.0
0.9191803396145304,0.9235986721119629,0.9211865013971484,0.9287334909603305,0.9263929688806094,0.92660791478589,0.9269183922046285,0.9206371951947648,0.9280647703661244,0.9304291753242101,0.9195174390826565,0.9327851269217018,0.9265127254340131,0.9306243091267361,0.9372799614178924,0.9579825834542816,0.9582715989410022,0.012199999999999999,0.0
0.9304291753242101,0.9191803396145304,0.9235986721119629,0.9211865013971484,0.9287334909603305,0.9263929688806094,0.92660791478589,0.9269183922046285,0.9206371951947648,0.9286379594468726,0.9308886765408505,0.935406983672983,0.9340492644049023,0.9310087951170278,0.9353990836749457,0.9571117561683599,0.958587355177188,-0.0019,0.0
0.9286379594468726,0.9304291753242101,0.9191803396145304,0.9235986721119629,0.9211865013971484,0.9287334909603305,0.9263929688806094,0.92660791478589,0.9269183922046285,0.9219507535048124,0.9292642140468227,0.927160052437135,0.9267535094266932,0.9298793675205459,0.9341451651796479,0.9556845670053217,0.958587355177188,-0.0072,0.0
0.9219507535048124,0.9286379594468726,0.9304291753242101,0.9191803396145304,0.9235986721119629,0.9211865013971484,0.9287334909603305,0.9263929688806094,0.92660791478589,0.9168637004131738,0.9221930243669374,0.9257537838159933,0.9240326503094074,0.9291584562887489,0.9332047263081745,0.953580067731011,0.9583687547059824,-0.0055000000000000005,0.0
0.9168637004131738,0.9219507535048124,0.9286379594468726,0.9304291753242101,0.9191803396145304,0.9235986721119629,0.9211865013971484,0.9287334909603305,0.9263929688806094,0.9168637004131738,0.917032967032967,0.915194851626743,0.9242975127013555,0.9280290286922669,0.9328912466843501,0.950943396226415,0.9582230210585121,0.0,0.0
0.9168637004131738,0.9168637004131738,0.9219507535048124,0.9286379594468726,0.9304291753242101,0.9191803396145304,0.9235986721119629,0.9211865013971484,0.9287334909603305,0.9121348904970027,0.9152651696129958,0.9166487903706352,0.9178445016975271,0.9268275099726053,0.9316373281890523,0.9481615868408321,0.9577858201161011,-0.0052,1.0
0.9121348904970027,0.9168637004131738,0.9168637004131738,0.9219507535048124,0.9286379594468726,0.9304291753242101,0.9191803396145304,0.9235986721119629,0.9211865013971484,0.9136156289556018,0.9129479216435739,0.9148134906447384,0.9165442681370543,0.9240159561685971,0.9305522064142753,0.9460087082728591,0.95720288552622,0.0016,1.0
0.9136156289556018,0.9121348904970027,0.9168637004131738,0.9168637004131738,0.9219507535048124,0.9286379594468726,0.9304291753242101,0.9191803396145304,0.9235986721119629,0.9190131594659788,0.9140946010511228,0.9197950184721726,0.9193614408514121,0.9224059210842503,0.9299252471666264,0.9440735365263666,0.9568142624662991,0.0059,0.0
0.9190131594659788,0.9136156289556018,0.9121348904970027,0.9168637004131738,0.9168637004131738,0.9219507535048124,0.9286379594468726,0.9304291753242101,0.9191803396145304,0.9181772587232213,0.9192785475394172,0.9197950184721726,0.9225397895547903,0.9217811313500264,0.9290330359295876,0.9420899854862118,0.9564013504651333,-0.0009,0.0
0.9181772587232213,0.9190131594659788,0.9136156289556018,0.9121348904970027,0.9168637004131738,0.9168637004131738,0.9219507535048124,0.9286379594468726,0.9304291753242101,0.9122304220104607,0.9188007644529383,0.9230842569419616,0.9190965784594639,0.9209881289950496,0.9282855075958524,0.9400580551523947,0.955794126934007,-0.006500000000000001,1.0
0.9122304220104607,0.9181772587232213,0.9190131594659788,0.9136156289556018,0.9121348904970027,0.9168637004131738,0.9168637004131738,0.9219507535048124,0.9286379594468726,0.9199684746005589,0.9123029144768275,0.9181265641759028,0.9180612072909393,0.9215167972317008,0.9279720279720279,0.9381228834059022,0.9554540817565763,0.0085,0.0
0.9199684746005589,0.9122304220104607,0.9181772587232213,0.9190131594659788,0.9136156289556018,0.9121348904970027,0.9168637004131738,0.9168637004131738,0.9219507535048124,0.9172219435886413,0.9167462971810798,0.9173638422118937,0.9170499145216826,0.9223578603354639,0.927803231251507,0.9362602805999031,0.9546768356367347,-0.003,1.0
0.9172219435886413,0.9199684746005589,0.9122304220104607,0.9181772587232213,0.9190131594659788,0.9136156289556018,0.9121348904970027,0.9168637004131738,0.9168637004131738,0.9184399703852308,0.9176301958910655,0.9251102371588606,0.9193614408514121,0.9231748930648338,0.9268145647455992,0.9349782293178519,0.9541181899880985,0.0013,0.0
0.9184399703852308,0.9172219435886413,0.9199684746005589,0.9122304220104607,0.9181772587232213,0.9190131594659788,0.9136156289556018,0.9121348904970027,0.9168637004131738,0.9140455207661627,0.9189679885332059,0.9237993087832201,0.9185909320748356,0.9223338299610707,0.9255847600675187,0.9334059022738267,0.9536081222219523,-0.0048,0.0
0.9140455207661627,0.9184399703852308,0.9172219435886413,0.9199684746005589,0.9122304220104607,0.9181772587232213,0.9190131594659788,0.9136156289556018,0.9121348904970027,0.907812089513028,0.9141423793597707,0.9127160052437134,0.9108376875105343,0.9206036430047579,0.9243790692066554,0.9321964199322689,0.9528794539846008,-0.0068000000000000005,1.0
0.907812089513028,0.9140455207661627,0.9184399703852308,0.9172219435886413,0.9199684746005589,0.9122304220104607,0.9181772587232213,0.9190131594659788,0.9136156289556018,0.9128274939695732,0.9083612040133779,0.9149326659516148,0.9144012906022008,0.9206997645023308,0.9240414757656136,0.9315432994678277,0.9523693862184548,0.0055000000000000005,0.0
0.9128274939695732,0.907812089513028,0.9140455207661627,0.9184399703852308,0.9172219435886413,0.9199684746005589,0.9122304220104607,0.9181772587232213,0.9190131594659788,0.9092928279716271,0.9116101290014333,0.9099988082469312,0.914762466591221,0.9189215167972316,0.9234145165179648,0.9310595065312046,0.9518107405698186,-0.0039000000000000003,0.0
0.9092928279716271,0.9128274939695732,0.907812089513028,0.9140455207661627,0.9184399703852308,0.9172219435886413,0.9199684746005589,0.9122304220104607,0.9181772587232213,0.9076687922428411,0.9096034400382226,0.9075437969252771,0.9150995641809732,0.917311481712885,0.9230286954424884,0.9302612481857764,0.9509606276262418,-0.0018,0.0
0.9076687922428411,0.9092928279716271,0.9128274939695732,0.907812089513028,0.9140455207661627,0.9184399703852308,0.9172219435886413,0.9199684746005589,0.9122304220104607,0.8967065510735354,0.9049928332537028,0.9043498987009891,0.9028436589535527,0.9136588648051135,0.9216059802266698,0.9289791969037251,0.9500376478589299,-0.0121,1.0
0.8967065510735354,0.9076687922428411,0.9092928279716271,0.9128274939695732,0.907812089513028,0.9140455207661627,0.9184399703852308,0.9172219435886413,0.9199684746005589,0.8968259654653579,0.897013855709508,0.8979859373137886,0.8992318990633502,0.9107752198779255,0.9197492163009404,0.9277455249153362,0.9489446455029026,0.0001,0.0
0.8968259654653579,0.8967065510735354,0.9076687922428411,0.9092928279716271,0.9128274939695732,0.907812089513028,0.9140455207661627,0.9184399703852308,0.9172219435886413,0.8925748131164768,0.8976827520305781,0.8972470504111548,0.8982206062940935,0.9082280001922429,0.9175789727513866,0.9262215771649733,0.9477787763231401,-0.004699999999999999,1.0
0.8925748131164768,0.8968259654653579,0.8967065510735354,0.9076687922428411,0.9092928279716271,0.9128274939695732,0.907812089513028,0.9140455207661627,0.9184399703852308,0.8972080915191899,0.8926660296225514,0.8959122869741389,0.8976668031109292,0.9056086893833806,0.9163250542560887,0.9252056119980648,0.9469043744383182,0.0052,1.0
0.8972080915191899,0.8925748131164768,0.8968259654653579,0.8967065510735354,0.9076687922428411,0.9092928279716271,0.9128274939695732,0.907812089513028,0.9140455207661627,0.90007403692293,0.8972527472527473,0.8989870098915504,0.903301148539645,0.9040707454222136,0.9146612008680973,0.9242138364779874,0.9460056836122515,0.0032,0.0
0.90007403692293,0.8972080915191899,0.8925748131164768,0.8968259654653579,0.8967065510735354,0.9076687922428411,0.9092928279716271,0.9128274939695732,0.907812089513028,0.8989754245181629,0.9004300047778309,0.8983911333571685,0.9039512653198815,0.9026048925842264,0.9131179165661925,0.923367198838897,0.9450341259624494,-0.0012,0.0
0.8989754245181629,0.90007403692293,0.8972080915191899,0.8925748131164768,0.8968259654653579,0.8967065510735354,0.9076687922428411,0.9092928279716271,0.9128274939695732,0.8882758950108667,0.8993072145246058,0.8972708854725301,0.8951867279863234,0.9011871004950256,0.9105859657583795,0.9215771649733914,0.9436253673702364,-0.011899999999999999,1.0
0.8882758950108667,0.8989754245181629,0.90007403692293,0.8972080915191899,0.8925748131164768,0.8968259654653579,0.8967065510735354,0.9076687922428411,0.9092928279716271,0.8954646413985814,0.88865265169613,0.8950065546418782,0.8956923743709517,0.9009708271254865,0.9090185676392571,0.9201741654571842,0.942483787131719,0.008100000000000001,0.0
0.8954646413985814,0.8882758950108667,0.8989754245181629,0.90007403692293,0.8972080915191899,0.8925748131164768,0.8968259654653579,0.8967065510735354,0.9076687922428411,0.8933868309808698,0.8947921643573817,0.8933619354069837,0.8978353519058053,0.9010909789974527,0.907812876778394,0.9189646831156264,0.9411721843044861,-0.0023,1.0
0.8933868309808698,0.8954646413985814,0.8882758950108667,0.8989754245181629,0.90007403692293,0.8972080915191899,0.8925748131164768,0.8968259654653579,0.8967065510735354,0.9012681808411549,0.8935738174868609,0.9008223096174472,0.9005802894223592,0.9017878598548564,0.9068242102724862,0.9183115626511852,0.9397877146535184,0.0088,0.0
0.9012681808411549,0.8933868309808698,0.8954646413985814,0.8882758950108667,0.8989754245181629,0.90007403692293,0.8972080915191899,0.8925748131164768,0.8968259654653579,0.9012442979627905,0.9018155757286191,0.9008938148015732,0.9034215405359851,0.9019801028500023,0.9061490233904027,0.917658442186744,0.9381360666488548,0.0,1.0
0.9012442979627905,0.9012681808411549,0.8933868309808698,0.8954646413985814,0.8882758950108667,0.8989754245181629,0.90007403692293,0.8972080915191899,0.8925748131164768,0.9025339733944735,0.9016722408026756,0.9073531164342749,0.9040475789169535,0.9025808622098331,0.9057149746804918,0.9172472181906144,0.9365329965266814,0.0014000000000000002,0.0
0.9025339733944735,0.9012442979627905,0.9012681808411549,0.8933868309808698,0.8954646413985814,0.8882758950108667,0.8989754245181629,0.90007403692293,0.8972080915191899,0.901841369921903,0.9028905876731964,0.9044452389464903,0.9051792636825503,0.904839717402797,0.9061490233904027,0.9167634252539911,0.9351971047582036,-0.0008,1.0
0.901841369921903,0.9025339733944735,0.9012442979627905,0.9012681808411549,0.8933868309808698,0.8954646413985814,0.8882758950108667,0.8989754245181629,0.90007403692293,0.9031549282319505,0.9018155757286191,0.9058991776903825,0.9089595723676289,0.9061373576200316,0.9066795273691824,0.9160861151427189,0.9338855019309709,0.0015,1.0
0.9031549282319505,0.901841369921903,0.9025339733944735,0.9012442979627905,0.9012681808411549,0.8933868309808698,0.8954646413985814,0.8882758950108667,0.8989754245181629,0.9053043872847556,0.9035833731485905,0.9057323322607556,0.908983650766897,0.90813187869467,0.9077646491439594,0.9155539429124334,0.9326224769862282,0.0024,1.0
0.9053043872847556,0.9031549282319505,0.901841369921903,0.9025339733944735,0.9012442979627905,0.9012681808411549,0.8933868309808698,0.8954646413985814,0.8882758950108667,0.9106302691600392,0.9053272814142379,0.9113574067453224,0.9023139341696563,0.9096938530302301,0.9088738847359537,0.91548137397194,0.931578052512691,0.0059,1.0
0.9106302691600392,0.9053043872847556,0.9031549282319505,0.901841369921903,0.9025339733944735,0.9012442979627905,0.9012681808411549,0.8933868309808698,0.8954646413985814,0.9171741778319124,0.911729574773053,0.9204624001906805,0.9177481881004551,0.9123852549622723,0.9103207137689896,0.9153604257377842,0.9305579169803989,0.0072,1.0
0.9171741778319124,0.9106302691600392,0.9053043872847556,0.9031549282319505,0.901841369921903,0.9025339733944735,0.9012442979627905,0.9012681808411549,0.8933868309808698,0.9288767882305176,0.9176063067367415,0.9280657847693957,0.9245382966940358,0.9167828134762339,0.9128285507595851,0.9158442186744072,0.9298535376842924,0.0128,1.0
0.9288767882305176,0.9171741778319124,0.9106302691600392,0.9053043872847556,0.9031549282319505,0.901841369921903,0.9025339733944735,0.9012442979627905,0.9012681808411549,0.9501325499749229,0.9283086478738652,0.9483017518770112,0.9356625171558594,0.9248810496467534,0.9180371352785146,0.9171746492501208,0.9298778266255374,0.0229,0.0
0.9501325499749229,0.9288767882305176,0.9171741778319124,0.9106302691600392,0.9053043872847556,0.9031549282319505,0.901841369921903,0.9025339733944735,0.9012442979627905,0.9460485777745934,0.9497849976110846,0.9502085567870338,0.9476294815920637,0.9320901619647233,0.9223052809259705,0.9185292694726657,0.9297806708605572,-0.0043,1.0
0.9460485777745934,0.9501325499749229,0.9288767882305176,0.9171741778319124,0.9106302691600392,0.9053043872847556,0.9031549282319505,0.901841369921903,0.9025339733944735,0.9479353251653889,0.9464644051600574,0.9517578357764271,0.9498687727239893,0.9392271831595136,0.9268869061972509,0.9202225447508465,0.9299992713317627,0.002,0.0
0.9479353251653889,0.9460485777745934,0.9501325499749229,0.9288767882305176,0.9171741778319124,0.9106302691600392,0.9053043872847556,0.9031549282319505,0.901841369921903,0.9361849490100547,0.9482560917343525,0.9463234417828625,0.9434879969179648,0.9435286201759022,0.9298287918977574,0.921214320270924,0.930193582861723,-0.0124,1.0
0.9361849490100547,0.9479353251653889,0.9460485777745934,0.9501325499749229,0.9288767882305176,0.9171741778319124,0.9106302691600392,0.9053043872847556,0.9031549282319505,0.9413675336151514,0.9365265169612996,0.9415802645691813,0.9438732513062531,0.9475657230739654,0.9332047263081745,0.9225689404934687,0.9306307838041341,0.0055000000000000005,1.0
0.9413675336151514,0.9361849490100547,0.9479353251653889,0.9460485777745934,0.9501325499749229,0.9288767882305176,0.9171741778319124,0.9106302691600392,0.9053043872847556,0.951852117217167,0.9410654562828475,0.9564056727446073,0.9482555199730321,0.9514346133512759,0.9373523028695442,0.9244315432994678,0.9311408515702801,0.0111,0.0
0.951852117217167,0.9413675336151514,0.9361849490100547,0.9479353251653889,0.9460485777745934,0.9501325499749229,0.9288767882305176,0.9171741778319124,0.9106302691600392,0.9471949559360895,0.9522694696607741,0.9566440233583602,0.9499891647203292,0.950929975489018,0.9411622859898722,0.9265602322206095,0.931578052512691,-0.0049,1.0
0.9471949559360895,0.951852117217167,0.9413675336151514,0.9361849490100547,0.9479353251653889,0.9460485777745934,0.9501325499749229,0.9288767882305176,0.9171741778319124,0.9678775285997469,0.9469421882465361,0.9662495530925991,0.9540824925958922,0.9546066227711827,0.9466120086809742,0.9295597484276729,0.9324524543975129,0.0218,0.0
0.9678775285997469,0.9471949559360895,0.951852117217167,0.9413675336151514,0.9361849490100547,0.9479353251653889,0.9460485777745934,0.9501325499749229,0.9288767882305176,0.9531656755272145,0.9675824175824176,0.9656775116195924,0.9579591148780429,0.9554717162493391,0.9506390161562575,0.9321238509917755,0.932986811104904,-0.0152,1.0
0.9531656755272145,0.9678775285997469,0.9471949559360895,0.951852117217167,0.9413675336151514,0.9361849490100547,0.9479353251653889,0.9460485777745934,0.9501325499749229,0.9567003415251606,0.9536072623029145,0.9553092599213443,0.9570922925043942,0.9589080597875714,0.9545213407282372,0.9346395742622157,0.9337397682835006,0.0037,1.0
0.9567003415251606,0.9531656755272145,0.9678775285997469,0.9471949559360895,0.951852117217167,0.9413675336151514,0.9361849490100547,0.9479353251653889,0.9460485777745934,0.9730601132048434,0.9561156235069279,0.9714694315337862,0.9606558955960607,0.964218772528476,0.959223535085604,0.9377116594097725,0.9347841927570377,0.0171,0.0
0.9730601132048434,0.9567003415251606,0.9531656755272145,0.9678775285997469,0.9471949559360895,0.951852117217167,0.9413675336151514,0.9361849490100547,0.9479353251653889,0.9682596546535788,0.9735785953177258,0.9715409367179121,0.9695889817244948,0.9669822655836977,0.9625271280443694,0.9406386066763424,0.935828617230575,-0.0049,0.0
0.9682596546535788,0.9730601132048434,0.9567003415251606,0.9531656755272145,0.9678775285997469,0.9471949559360895,0.951852117217167,0.9413675336151514,0.9361849490100547,0.9617396288600703,0.9686096512183469,0.9665355738291027,0.9662420842262406,0.9694093333974141,0.9635157945502772,0.9437348814707305,0.9364844186441913,-0.0067,1.0
0.9617396288600703,0.9682596546535788,0.9730601132048434,0.9567003415251606,0.9531656755272145,0.9678775285997469,0.9471949559360895,0.951852117217167,0.9413675336151514,0.9721764467053569,0.9618490205446727,0.9727565248480514,0.9669885146035491,0.9701302446292112,0.9657101519170485,0.9469762941461054,0.9374073984115033,0.0109,1.0
0.9721764467053569,0.9617396288600703,0.9682596546535788,0.9730601132048434,0.9567003415251606,0.9531656755272145,0.9678775285997469,0.9471949559360895,0.951852117217167,0.9839268228606911,0.972384137601529,0.9848647360266952,0.9749825431605306,0.9752967751237563,0.968748492886424,0.9507982583454281,0.938719001238736,0.0121,1.0
0.9839268228606911,0.9721764467053569,0.9617396288600703,0.9682596546535788,0.9730601132048434,0.9567003415251606,0.9531656755272145,0.9678775285997469,0.9471949559360895,0.9928351364906498,0.9840659340659341,0.9937075437969254,0.9877440947725794,0.9813524294708511,0.973498914878225,0.9546686018384131,0.9403220713609094,0.0091,0.0
0.9928351364906498,0.9839268228606911,0.9721764467053569,0.9617396288600703,0.9682596546535788,0.9730601132048434,0.9567003415251606,0.9531656755272145,0.9678775285997469,0.9866255881158797,0.9932871476349736,0.9999761649386247,0.9923189906335026,0.9836353150382082,0.9773088979985531,0.9582728592162554,0.9418036967768575,-0.0063,1.0
0.9866255881158797,0.9928351364906498,0.9839268228606911,0.9721764467053569,0.9617396288600703,0.9682596546535788,0.9730601132048434,0.9567003415251606,0.9531656755272145,0.9954861359891093,0.9857859531772576,0.9936837087355499,0.9935951457947075,0.9882010861729226,0.9809741982155775,0.9621915820029027,0.9435767894877463,0.009000000000000001,1.0
0.9954861359891093,0.9866255881158797,0.9928351364906498,0.9839268228606911,0.9721764467053569,0.9617396288600703,0.9682596546535788,0.9730601132048434,0.9567003415251606,0.9956294332592964,0.9959866220735786,0.9957335240138243,0.997182827285642,0.9938722545297256,0.9850494333252954,0.9661344944363812,0.9453013043161449,0.0001,0.0
0.9956294332592964,0.9954861359891093,0.9866255881158797,0.9928351364906498,0.9839268228606911,0.9721764467053569,0.9617396288600703,0.9682596546535788,0.9730601132048434,0.9900169568436388,0.9961538461538462,0.9942795852699321,0.9919578146444824,0.9968760513288795,0.9869303110682421,0.9698113207547169,0.9468072186733381,-0.005600000000000001,1.0
0.9900169568436388,0.9956294332592964,0.9954861359891093,0.9866255881158797,0.9928351364906498,0.9839268228606911,0.9721764467053569,0.9617396288600703,0.9682596546535788,1.0,0.9900621118012423,0.9987129066857348,0.997182827285642,0.9995674532609218,0.9908608632746563,0.9738026124818576,0.9485560224429818,0.0101,0.0
1.0,0.9900169568436388,0.9956294332592964,0.9954861359891093,0.9866255881158797,0.9928351364906498,0.9839268228606911,0.9721764467053569,0.9617396288600703,0.9954622531107449,1.0,0.9977356691693481,0.9991813344248874,1.0,0.9941162285989872,0.9773826802128688,0.9503048262126255,-0.0045000000000000005,0.0
0.9954622531107449,1.0,0.9900169568436388,0.9956294332592964,0.9954861359891093,0.9866255881158797,0.9928351364906498,0.9839268228606911,0.9721764467053569,0.978003869026295,0.9955566172957477,0.9933738529376713,0.9845175892706652,0.998558177536406,0.9945502773088979,0.9799467827769713,0.9515435622161231,-0.0175,1.0
0.978003869026295,0.9954622531107449,1.0,0.9900169568436388,0.9956294332592964,0.9954861359891093,0.9866255881158797,0.9928351364906498,0.9839268228606911,0.9814430035107831,0.9784997611084568,0.9810272911452746,0.9800871638053502,0.9962032008458691,0.995659512900892,0.9821722302854377,0.9529037429258459,0.0034999999999999996,0.0
0.9814430035107831,0.978003869026295,0.9954622531107449,1.0,0.9900169568436388,0.9956294332592964,0.9954861359891093,0.9866255881158797,0.9928351364906498,0.9700747534092808,0.9817009077878643,0.9794780121558813,0.9759216007319832,0.9919257942038735,0.9963588136001928,0.9830188679245281,0.9539967452818733,-0.0116,1.0
0.9700747534092808,0.9814430035107831,0.978003869026295,0.9954622531107449,1.0,0.9900169568436388,0.9956294332592964,0.9954861359891093,0.9866255881158797,0.9780755176613886,0.9708313425704731,0.9784292694553689,0.9746936023693145,0.9899312731292353,0.9968410899445381,0.9843734881470729,0.955356925991596,0.008199999999999999,0.0
0.9780755176613886,0.9700747534092808,0.9814430035107831,0.978003869026295,0.9954622531107449,1.0,0.9900169568436388,0.9956294332592964,0.9954861359891093,0.974612500298536,0.9785714285714286,0.9844357049219402,0.9822301413402036,0.9856538664872398,0.9960694477935856,0.9854862119013061,0.956765684583809,-0.0034999999999999996,0.0
0.974612500298536,0.9780755176613886,0.9700747534092808,0.9814430035107831,0.978003869026295,0.9954622531107449,1.0,0.9900169568436388,0.9956294332592964,0.9715554918678798,0.9750119445771621,0.9755213919675845,0.9753437191495509,0.981664824337963,0.9942609115022907,0.9869859700048378,0.9580044205873066,-0.0031,0.0
0.9715554918678798,0.974612500298536,0.9780755176613886,0.9700747534092808,0.9814430035107831,0.978003869026295,0.9954622531107449,1.0,0.9900169568436388,0.969835924625636,0.9718585762064024,0.9703730187105232,0.9695408249259589,0.9802950929975487,0.9928623101036893,0.9881712626995645,0.9592917344732944,-0.0018,1.0
0.969835924625636,0.9715554918678798,0.974612500298536,0.9780755176613886,0.9700747534092808,0.9814430035107831,0.978003869026295,0.9954622531107449,1.0,0.9755916983114805,0.9702580028666985,0.9762602788702182,0.9734656040066457,0.9793098476474263,0.9911743428984808,0.989187227866473,0.9607247820067524,0.0059,0.0
0.9755916983114805,0.969835924625636,0.9715554918678798,0.974612500298536,0.9780755176613886,0.9700747534092808,0.9814430035107831,0.978003869026295,0.9954622531107449,0.974660266055265,0.9759675107501194,0.9789059706828745,0.9810743781753387,0.9800788196280097,0.9894140342416204,0.9903483309143686,0.9623764300114159,-0.001,0.0
0.974660266055265,0.9755916983114805,0.969835924625636,0.9715554918678798,0.974612500298536,0.9780755176613886,0.9700747534092808,0.9814430035107831,0.978003869026295,0.9738721310692364,0.9781175346392739,0.9812894768204028,0.9801834774024223,0.9793579083962127,0.9880636604774535,0.9905902273826802,0.9640280780160793,-0.0008,1.0
0.9738721310692364,0.974660266055265,0.9755916983114805,0.969835924625636,0.9715554918678798,0.974612500298536,0.9780755176613886,0.9700747534092808,0.9814430035107831,0.9818728953213441,0.9741758241758242,0.9807412704087713,0.9806168885892467,0.9805834574902675,0.9865444899927658,0.991799709724238,0.9659226154331932,0.008199999999999999,1.0
0.9818728953213441,0.9738721310692364,0.974660266055265,0.9755916983114805,0.969835924625636,0.9715554918678798,0.974612500298536,0.9780755176613886,0.9700747534092808,0.9953906044756513,0.9820592451027234,0.9936360386127995,0.9890443283330523,0.9845724996395443,0.9865203761755486,0.9934446057087567,0.9679871754390227,0.0138,0.0
0.9953906044756513,0.9818728953213441,0.9738721310692364,0.974660266055265,0.9755916983114805,0.969835924625636,0.9715554918678798,0.974612500298536,0.9780755176613886,0.9906617945594802,0.9956521739130434,0.9972828030032177,0.9982904336519708,0.9880809343009562,0.9876054979503255,0.9941944847605225,0.9699060017973816,-0.0048,1.0
0.9906617945594802,0.9953906044756513,0.9818728953213441,0.9738721310692364,0.974660266055265,0.9755916983114805,0.969835924625636,0.9715554918678798,0.974612500298536,0.9944352893410714,0.991280458671763,0.9974734834942199,0.9979774144614866,0.9912289133464699,0.9886906197251025,0.9952830188679244,0.971946272861966,0.0038,1.0
0.9944352893410714,0.9906617945594802,0.9953906044756513,0.9818728953213441,0.9738721310692364,0.974660266055265,0.9755916983114805,0.969835924625636,0.9715554918678798,0.9947218838814453,0.9948160535117057,0.997306638064593,1.0,0.9945931657615223,0.9907644080057872,0.9966860183841316,0.9741808554565107,0.0003,0.0
0.9947218838814453,0.9944352893410714,0.9906617945594802,0.9953906044756513,0.9818728953213441,0.9738721310692364,0.974660266055265,0.9755916983114805,0.969835924625636,0.9909006233431253,0.9949593884376494,1.0,0.9980014928607546,0.9974527803143173,0.9918495297805642,0.9974600870827285,0.9762211265210949,-0.0038,1.0
0.9909006233431253,0.9947218838814453,0.9944352893410714,0.9906617945594802,0.9953906044756513,0.9818728953213441,0.9738721310692364,0.974660266055265,0.9755916983114805,0.9961787394616799,0.9908026755852842,0.9947086163746872,0.9922226770364305,0.9998558177536405,0.9936580660718591,0.9979922593130139,0.9783828422919046,0.0053,0.0
0.9961787394616799,0.9909006233431253,0.9947218838814453,0.9944352893410714,0.9906617945594802,0.9953906044756513,0.9818728953213441,0.9738721310692364,0.974660266055265,0.9935755057199492,0.9963210702341138,0.9942080800858062,0.9977366304688063,0.9995434228865285,0.9955148299975886,0.9980164489598451,0.9803502465327537,-0.0026,0.0
0.9935755057199492,0.9961787394616799,0.9909006233431253,0.9947218838814453,0.9944352893410714,0.9906617945594802,0.9953906044756513,0.9818728953213441,0.9738721310692364,0.9924768933151823,0.9942188246536073,0.9943987605768084,0.9971105920878379,0.9998558177536405,0.9974198215577527,0.9982583454281567,0.9822690728911128,-0.0011,1.0
0.9924768933151823,0.9935755057199492,0.9961787394616799,0.9909006233431253,0.9947218838814453,0.9944352893410714,0.9906617945594802,0.9953906044756513,0.9818728953213441,0.9932889111795753,0.993191591017678,0.997807174353474,0.9998314512051238,0.9996635747584947,0.998914878225223,0.9981615868408321,0.9842121881907169,0.0008,0.0
0.9932889111795753,0.9924768933151823,0.9935755057199492,0.9961787394616799,0.9909006233431253,0.9947218838814453,0.9944352893410714,0.9906617945594802,0.9953906044756513,0.9861956963053187,0.9933110367892978,0.9968061017757122,0.9937155377910475,0.9982217522949006,0.9998794309139135,0.9977745524915335,0.9859852809016055,-0.0070999999999999995,0.0
0.9861956963053187,0.9932889111795753,0.9924768933151823,0.9935755057199492,0.9961787394616799,0.9909006233431253,0.9947218838814453,0.9944352893410714,0.9906617945594802,0.9754006352845646,0.9865265169612996,0.9845310451674414,0.9810262213768028,0.9956264718604315,1.0,0.9971698113207547,0.9875154842000436,-0.0109,0.0
0.9754006352845646,0.9861956963053187,0.9932889111795753,0.9924768933151823,0.9935755057199492,0.9961787394616799,0.9909006233431253,0.9947218838814453,0.9944352893410714,0.9685940149506819,0.9757525083612041,0.973805267548564,0.9750788567576026,0.9910126399769307,0.9988907644080058,0.995839380745041,0.9888513759685216,-0.006999999999999999,1.0
0.9685940149506819,0.9754006352845646,0.9861956963053187,0.9932889111795753,0.9924768933151823,0.9935755057199492,0.9961787394616799,0.9909006233431253,0.9947218838814453,0.9808936973083996,0.9690157668418539,0.9795018472172565,0.9766198743107558,0.988873936655933,0.9976609597299251,0.995210449927431,0.9903572903257147,0.0127,0.0
0.9808936973083996,0.9685940149506819,0.9754006352845646,0.9861956963053187,0.9932889111795753,0.9924768933151823,0.9935755057199492,0.9961787394616799,0.9909006233431253,0.978099400539753,0.9812231247013856,0.9805029197950184,0.9809299077797308,0.9864708992166097,0.9965999517723656,0.995210449927431,0.9916446042117024,-0.0028000000000000004,1.0
0.978099400539753,0.9808936973083996,0.9685940149506819,0.9754006352845646,0.9861956963053187,0.9932889111795753,0.9924768933151823,0.9935755057199492,0.9961787394616799,0.9816818322944282,0.9786192068800764,0.9800977237516387,0.9801112422046182,0.9845244388907579,0.9955389438148058,0.9952346395742622,0.9927618955089748,0.0037,0.0
0.9816818322944282,0.978099400539753,0.9808936973083996,0.9685940149506819,0.9754006352845646,0.9861956963053187,0.9932889111795753,0.9924768933151823,0.9935755057199492,0.9814668863891476,0.9818681318681319,0.9862233345250864,0.9845898244684693,0.9837314365357811,0.9944297082228116,0.9957184325108852,0.9934176969225912,-0.0002,1.0
0.9814668863891476,0.9816818322944282,0.978099400539753,0.9808936973083996,0.9685940149506819,0.9754006352845646,0.9861956963053187,0.9932889111795753,0.9924768933151823,0.9815146521458766,0.9811514572384138,0.9834584674055535,0.9824709253328838,0.9847647426346902,0.9936339522546418,0.9958635703918722,0.9941706541011878,0.0,1.0
0.9815146521458766,0.9814668863891476,0.9816818322944282,0.978099400539753,0.9808936973083996,0.9685940149506819,0.9754006352845646,0.9861956963053187,0.9932889111795753,0.9855269757111127,0.9811992355470618,0.9863663448933381,0.9889720931352484,0.9876003268130916,0.992741741017603,0.9963231736816642,0.9949721891622745,0.0040999999999999995,1.0
0.9855269757111127,0.9815146521458766,0.9814668863891476,0.9816818322944282,0.978099400539753,0.9808936973083996,0.9685940149506819,0.9754006352845646,0.9861956963053187,0.9984714957846719,0.9856903965599618,0.9966392563460851,0.9922467554356985,0.9905320324890661,0.9931516759102965,0.9974600870827285,0.9962837919895072,0.0131,0.0
0.9984714957846719,0.9855269757111127,0.9815146521458766,0.9814668863891476,0.9816818322944282,0.978099400539753,0.9808936973083996,0.9685940149506819,0.9754006352845646,0.9915693439373312,0.9986144290492117,0.9981885353354785,0.998651609640991,0.99279088768203,0.9930793344586446,0.9983792936623125,0.9973525054042895,-0.0069,1.0
0.9915693439373312,0.9984714957846719,0.9855269757111127,0.9815146521458766,0.9814668863891476,0.9816818322944282,0.978099400539753,0.9808936973083996,0.9685940149506819,0.9945547037328939,0.9918776875298615,0.9967345965915863,0.9936914593917796,0.9949536213774208,0.9931757897275137,0.9991775520077407,0.9982511962303563,0.003,0.0
0.9945547037328939,0.9915693439373312,0.9984714957846719,0.9855269757111127,0.9815146521458766,0.9814668863891476,0.9816818322944282,0.978099400539753,0.9808936973083996,0.9819923097131666,0.9948877209746775,0.9931116672625432,0.9895740531169487,0.9950497428749938,0.992814082469255,0.9994920174165456,0.9990041534089531,-0.0126,1.0
0.9819923097131666,0.9945547037328939,0.9915693439373312,0.9984714957846719,0.9855269757111127,0.9815146521458766,0.9814668863891476,0.9816818322944282,0.978099400539753,0.9861956963053187,0.982178690874343,0.989727088547253,0.989959307505237,0.9958427452299705,0.993730407523511,1.0,0.9993927764688738,0.0043,0.0
0.9861956963053187,0.9819923097131666,0.9945547037328939,0.9915693439373312,0.9984714957846719,0.9855269757111127,0.9815146521458766,0.9814668863891476,0.9816818322944282,0.9748752119605455,0.98640707118968,0.984674055535693,0.9775348534829404,0.994040467150478,0.9942609115022907,0.999709724238026,0.9998542663525298,-0.0115,0.0
0.9748752119605455,0.9861956963053187,0.9819923097131666,0.9945547037328939,0.9915693439373312,0.9984714957846719,0.9855269757111127,0.9815146521458766,0.9814668863891476,0.9635786104941367,0.9749641662685141,0.9755690620903349,0.969733452120103,0.9882010861729226,0.992814082469255,0.9983551040154813,1.0,-0.0116,1.0
0.9635786104941367,0.9748752119605455,0.9861956963053187,0.9819923097131666,0.9945547037328939,0.9915693439373312,0.9984714957846719,0.9855269757111127,0.9815146521458766,0.9652265291012873,0.9646440516005734,0.9644857585508283,0.9629915003250583,0.9837794972845675,0.9917289606944779,0.9972907595549104,0.9998299774112847,0.0017000000000000001,0.0
0.9652265291012873,0.9635786104941367,0.9748752119605455,0.9861956963053187,0.9819923097131666,0.9945547037328939,0.9915693439373312,0.9984714957846719,0.9855269757111127,0.9562226839578706,0.9657668418537984,0.9635800262185675,0.961041149984349,0.9773393569471811,0.9895828309621412,0.995670053217223,0.9995627990575893,-0.009300000000000001,0.0
0.9562226839578706,0.9652265291012873,0.9635786104941367,0.9748752119605455,0.9861956963053187,0.9819923097131666,0.9945547037328939,0.9915693439373312,0.9984714957846719,0.9531656755272145,0.9562111801242236,0.9557382910260994,0.9565384893212299,0.9725092516941413,0.9871955630576319,0.9939283986453797,0.9993927764688738,-0.0032,1.0
0.9531656755272145,0.9562226839578706,0.9652265291012873,0.9635786104941367,0.9748752119605455,0.9861956963053187,0.9819923097131666,0.9945547037328939,0.9915693439373312,0.9549807742829166,0.9535355948399427,0.9546418782028364,0.9591389564421757,0.9672706300764164,0.9849529780564262,0.9924044508950168,0.999028442350198,0.0019,0.0
0.9549807742829166,0.9531656755272145,0.9562226839578706,0.9652265291012873,0.9635786104941367,0.9748752119605455,0.9861956963053187,0.9819923097131666,0.9945547037328939,0.95314179264885,0.9555661729574774,0.9613156953879156,0.9588740940502275,0.9636420435430384,0.9822281167108752,0.9905902273826802,0.9983726409365817,-0.0019,1.0
0.95314179264885,0.9549807742829166,0.9531656755272145,0.9562226839578706,0.9652265291012873,0.9635786104941367,0.9748752119605455,0.9861956963053187,0.9819923097131666,0.9597095841990876,0.9539417104634496,0.962531283518055,0.9544195901856444,0.962993223434421,0.9789727513865445,0.9891630382196419,0.9976682616404752,0.0069,0.0
0.9597095841990876,0.95314179264885,0.9549807742829166,0.9531656755272145,0.9562226839578706,0.9652265291012873,0.9635786104941367,0.9748752119605455,0.9861956963053187,0.952998495378663,0.959842331581462,0.9583363127160052,0.9556957453468493,0.960926611236603,0.9757414998794309,0.9874939525882921,0.9969638823443686,-0.006999999999999999,1.0
0.952998495378663,0.9597095841990876,0.95314179264885,0.9549807742829166,0.9531656755272145,0.9562226839578706,0.9652265291012873,0.9635786104941367,0.9748752119605455,0.958252728618853,0.95303392259914,0.958074127040877,0.9571886061014663,0.9612870668525015,0.9726790450928381,0.9860183841315916,0.996162347283282,0.0055000000000000005,0.0
